Year,State,TOT_POP,WHT,BLK,AI_ALSK,ASN,NH_PI,POV_AA,UN_EMP,TOT_POP_25,LESS_9,9_12_NO_D,HSC_EQU,SC_NO_D,ASSO,BACH,GRAD
2010,Alabama,4785579,3365673,1261274,32888,55701,5166,883078,231483,3161521,6.2,11.7,31.3,21.8,7.1,13.9,8
2010,Alaska,714015,485997,24637,106712,39334,7768,76850,28497,450577,2.8,6.1,25.3,29.6,8.2,18.5,9.4
2010,Arizona,6407002,5428232,282176,336625,189849,16188,1105075,320251,4146758,6.3,8.1,25.1,26.5,8.1,16.7,9.2
2010,Arkansas,2921737,2346175,455040,26248,37892,6798,529710,110842,1919422,6.3,10.7,34.6,22.5,6.3,13.2,6.3
2010,California,37327690,27674285,2486482,623224,5064237,182139,5785036,2244326,24097200,10.5,8.8,20.8,22.2,7.6,19.1,11
2010,Colorado,5048029,4465381,215964,78453,146121,8505,651744,238013,3328045,4.3,6.1,22.8,22.6,7.8,23.4,13
2010,Connecticut,3580171,2953268,393586,16843,141921,3512,348881,174263,2434383,4.6,6.8,28.2,17.7,7.1,20.2,15.3
2010,Delaware,899712,646382,197060,5923,29597,693,104456,36550,600779,3.8,8.5,32.7,20,7.2,16.5,11.3
2010,District of Columbia,605040,253474,311054,3278,21931,788,107279,65114,416824,4.7,7.9,20.3,13.8,3.2,23.2,26.9
2010,Florida,18846461,14833800,3091949,89349,477675,18896,3048621,1018407,13077179,5.7,8.8,29.9,21.2,8.6,16.6,9.2
2010,Georgia,9712696,6152808,3006099,48695,326769,10523,1698004,494624,6235623,5.8,9.9,29.3,21,6.8,17.5,9.8
2010,Hawaii,1363817,349544,22726,5034,532219,138837,146923,44967,926928,4.8,5.3,28.6,22.5,9.2,19.9,9.6
2010,Idaho,1570912,1478916,10984,25933,20122,2801,244009,68230,987829,4.2,7.5,28.6,27,8.3,16.7,7.7
2010,Illinois,12841196,10035362,1903928,73881,608264,7437,1732129,688274,8465762,5.6,7.5,27.6,21.3,7.2,19.2,11.5
2010,Indiana,6490029,5641364,605198,24523,106928,3535,960402,329584,4229798,4.2,8.8,36,20.9,7.5,14.6,8.1
2010,Iowa,3050223,2841632,92437,13712,54706,2456,368965,100834,2018785,3.9,5.5,33.7,21.8,10,17.1,7.9
2010,Kansas,2858403,2504408,173883,33130,70280,2867,374677,105806,1840681,4.4,6.4,27.8,24.2,7.4,19.3,10.5
2010,Kentucky,4347948,3869748,344511,12169,50770,3209,796208,209725,2903308,7.7,10.4,34.3,20.2,6.8,12.4,8.1
2010,Louisiana,4544871,2908026,1467778,33171,72513,2588,831512,166224,2945907,6.5,11.6,34.4,21,5.1,14.4,7
2010,Maine,1327568,1268687,16416,8776,13844,376,169076,56552,937014,3.6,6.1,34.4,20.1,9,17.3,9.5
2010,Maryland,5788099,3545496,1737551,30992,329633,5439,559937,235334,3873474,4.7,7.2,25.9,19.7,6.3,19.7,16.4
2010,Massachusetts,6564943,5533570,507729,30015,363302,5984,724845,289265,4458898,4.9,6,26.2,16.3,7.6,22.3,16.7
2010,Michigan,9876731,7941536,1414726,68524,244336,3459,1614110,604913,6569801,3.5,7.8,30.9,24.2,8.4,15.6,9.6
2010,Minnesota,5310711,4625331,282719,67754,219638,2990,595485,217601,3528096,3.3,4.9,27.3,22.7,10,21.5,10.3
2010,Mississippi,2970437,1790110,1105036,16835,26712,1693,644156,135729,1904406,6.6,12.4,30.6,22.5,8.4,12.4,7.1
2010,Missouri,5995681,5042312,701164,30737,101063,7244,888471,292949,3984849,4.4,8.7,31.9,22.6,6.8,16,9.5
2010,Montana,990507,892161,4236,63730,6466,736,146257,36527,672952,2.5,5.8,29.9,25.1,7.9,19.8,9
2010,Nebraska,1829956,1651450,86362,23675,33769,2090,224530,46038,1184379,4.1,5.6,28.3,24.4,9,19.6,9
2010,Nevada,2702797,2106203,231800,43037,204803,19311,393605,183804,1789530,6.3,9.1,29.7,26.2,7.1,14.3,7.4
2010,New Hampshire,1316700,1248090,16505,3540,29131,527,110096,43122,907755,2.8,5.8,29.8,18.9,10,20.4,12.4
2010,New Jersey,8803708,6548852,1284211,50040,751744,7765,883643,433875,5970904,5.4,6.5,29.5,17,6.2,22.1,13.3
2010,New Mexico,2064607,1724816,49273,209574,31486,3150,400779,75934,1341329,7.6,9.1,26.4,24.9,7,14.2,10.8
2010,New York,19405185,13908576,3385113,183407,1490871,24079,2840564,825639,13089848,7,8.1,27.7,16.4,8.2,18.6,14
2010,North Carolina,9574247,6923898,2096260,148031,218578,10390,1618597,501062,6325621,5.6,9.6,27.7,22,8.6,17.8,8.7
2010,North Dakota,674518,610440,8469,37150,7130,339,81176,14289,442946,4.9,4.7,27.1,24,11.7,19.7,7.9
2010,Ohio,11539282,9662231,1428486,29780,198494,5346,1771404,599836,7720849,3.3,8.6,35.2,20.5,7.8,15.7,8.9
2010,Oklahoma,3759529,2854872,285346,337403,67736,5460,613067,120146,2449213,4.6,9.2,32,24.5,6.8,15.4,7.5
2010,Oregon,3837073,3406695,74543,67041,146212,14752,596649,210963,2614886,4.1,7.2,25,27.2,7.8,18.3,10.5
2010,Pennsylvania,12711063,10663825,1435117,40085,361185,7183,1645097,540062,8654829,3.8,7.8,37.5,16.5,7.4,16.7,10.4
2010,Rhode Island,1053169,909957,75453,9273,31988,1611,143132,63488,709979,7.3,9.2,27.2,18.7,7.4,18.1,12.2
2010,South Carolina,4635834,3170735,1305331,24694,61968,3990,813939,240623,3074357,5.5,10.5,30.5,20.6,8.4,15.8,8.8
2010,South Dakota,816227,707991,10752,73017,7898,537,114798,21984,532379,4.7,5.7,31.6,21.7,10,18.6,7.7
2010,Tennessee,6355882,5061723,1070512,26357,94729,5451,1102643,298732,4242391,6.2,10.1,33.5,20.8,6.2,14.6,8.5
2010,Texas,25241648,20457286,3082882,251955,1011327,31515,4411273,997338,15772122,9.7,9.6,25.6,22.8,6.3,17.3,8.6
2010,Utah,2775260,2557055,34031,40899,58346,26220,362689,106283,1584824,3.1,6.3,24.5,27.8,9,19.9,9.4
2010,Vermont,625842,598504,6511,2319,8108,174,74720,21914,431042,3,5.9,31.5,17.6,8.3,20.3,13.3
2010,Virginia,8025206,5738448,1583805,41680,453654,8263,865746,297272,5361301,5.5,8,25.4,20.1,6.7,20.1,14.2
2010,Washington,6741386,5543875,253619,123388,495511,43854,890251,350782,4505657,4.1,6.1,23.8,25.5,9.4,19.9,11.1
2010,West Virginia,1854315,1747377,63999,3990,12766,482,327459,70215,1294747,6.1,10.7,41.6,18.3,5.8,10.9,6.6
2010,Wisconsin,5690403,5037641,367712,60404,132752,2527,731564,267119,3800295,3.5,6.4,33.3,21.1,9.3,17.4,9
2010,Wyoming,564376,529688,5174,14465,4669,518,62636,19553,370951,2.6,5.1,30.2,27.3,10.7,15.7,8.4
2011,Alabama,4798649,3368758,1266977,32798,57573,5036,896117,212257,3193078,5.6,11.7,30.9,22.2,7.4,13.9,8.4
2011,Alaska,722259,489400,25383,108060,40816,8131,76021,27752,456862,3.1,5.2,28.1,29.9,7.4,16.9,9.5
2011,Arizona,6465488,5462191,288742,341867,196703,16444,1201376,288547,4211223,6.2,8.1,24.6,26.2,8.3,17.1,9.5
2011,Arkansas,2938640,2355934,457718,26642,39749,7241,550079,113168,1943427,6.2,10,35.7,22,5.8,13.1,7.2
2011,California,37672654,27856325,2496077,626439,5178171,184724,6121726,2156967,24443872,10.3,8.6,21.1,22.1,7.7,19.2,11.1
2011,Colorado,5116411,4518943,219804,79742,150987,8784,669267,228814,3387310,4,5.8,22.4,22.8,8.3,23.3,13.4
2011,Connecticut,3591927,2952100,398515,17274,147365,3589,373284,168808,2444403,4.4,6.5,27.7,17.9,7.3,20.5,15.7
2011,Delaware,907884,649467,199995,5955,30897,702,111176,33260,611120,4.7,8.3,31.6,19.6,7,17.1,11.7
2011,District of Columbia,620336,263698,314201,3402,22944,837,111906,71214,428261,5.1,7.7,17.7,14.2,2.8,23.3,29.2
2011,Florida,19097369,14978909,3164040,91334,494404,19538,3178155,928904,13267581,5.6,8.4,30.4,20.8,8.9,16.5,9.3
2011,Georgia,9810595,6178692,3056241,48995,340739,10744,1836715,485449,6308961,5.8,9.8,29.3,20.8,6.7,17.7,9.8
2011,Hawaii,1378323,353118,24796,5157,534116,141036,161606,44934,939512,4.4,5,28.5,23,10,19.2,9.9
2011,Idaho,1583180,1488310,11510,26578,20704,2860,256257,63712,998460,4.5,6.9,27.5,26.9,8.9,17.5,7.8
2011,Illinois,12862298,10034662,1902252,73941,625999,7539,1871484,638527,8521694,5.6,7.2,27.6,21.3,7.3,19.3,11.7
2011,Indiana,6515358,5650465,611164,24831,112854,3633,1001053,290046,4255459,4.2,8.6,35.5,20.9,7.9,14.8,8.2
2011,Iowa,3063690,2846859,94833,14122,58163,2676,376300,92199,2027201,3.7,5.7,33.1,21.3,10.5,17.7,8.1
2011,Kansas,2868756,2509303,175015,33396,72754,2790,383859,97005,1852094,4.1,5.8,27.9,24.6,7.4,19.7,10.4
2011,Kentucky,4368505,3880364,349138,12248,53158,3247,809764,193482,2922350,7,10,34.1,20.9,7,12.3,8.8
2011,Louisiana,4574388,2918623,1480611,33677,75264,2674,910266,162196,2972737,6.1,11.4,34.5,21.7,5.2,14,7.1
2011,Maine,1327968,1267197,17176,8868,14341,392,183723,55196,942537,3.4,5.7,33.4,20.3,8.9,17.9,10.5
2011,Maryland,5843115,3562014,1758155,31402,342142,5523,581244,224477,3915657,4.3,6.9,25.8,19.9,6.3,20.4,16.5
2011,Massachusetts,6612178,5545808,520751,30533,378168,6094,740512,251554,4502048,5,5.8,25.9,16.4,7.8,22.3,16.8
2011,Michigan,9876199,7927668,1414357,69056,252645,3575,1687624,486815,6588324,3.5,7.7,30.8,23.9,8.4,15.7,9.9
2011,Minnesota,5345967,4636789,292000,69321,228796,3146,617185,191015,3560801,3.3,4.7,26.9,22.4,10.3,21.8,10.5
2011,Mississippi,2977452,1789748,1110268,16977,27544,1689,658232,134061,1912708,6.6,12.3,30.2,22.7,8.3,12.6,7.3
2011,Missouri,6010280,5046587,704152,31164,104370,7582,922103,258562,4008554,3.9,8.5,31.4,22.9,7.1,16.4,9.7
2011,Montana,996866,895793,4901,64722,6871,771,148183,34822,676793,2,5.7,30.5,25.1,8.4,19.6,8.6
2011,Nebraska,1841641,1658413,87782,24296,35216,2119,230003,44197,1196112,3.9,5.1,29,24.4,9.6,18.9,9.1
2011,Nevada,2718170,2108271,235680,43499,210811,19585,423195,178851,1810960,6.4,9.6,29.2,25.2,7.2,14.9,7.6
2011,New Hampshire,1318345,1247400,17082,3588,30336,553,114906,39770,914207,2.8,5.8,29.3,19.2,9.5,21,12.4
2011,New Jersey,8844694,6550029,1293048,50610,775813,8018,897916,426808,6004613,5.6,6.3,29.4,17.3,6.1,22,13.3
2011,New Mexico,2077744,1732010,49769,212834,32388,3230,427340,70051,1354186,7.3,9.6,26.6,23.6,7.5,14.4,11.1
2011,New York,19526372,13938360,3413907,184894,1536669,24671,3043461,789304,13197704,6.8,8.1,27.5,16.3,8.3,18.7,14.2
2011,North Carolina,9662940,6966708,2121466,149759,230161,10746,1673627,475529,6399357,5.7,9.5,27.3,21.8,8.7,17.8,9.2
2011,North Dakota,684830,617960,9381,38019,7540,378,79124,13481,448145,4.5,4.8,26.9,24.4,13.1,19.3,7
2011,Ohio,11543332,9645254,1435399,30179,205721,5445,1836098,510231,7749236,3.3,8.4,34.8,21.1,7.8,15.4,9.2
2011,Oklahoma,3785232,2866144,287752,342211,70429,5646,636083,104248,2469196,4.8,8.9,31.4,24.1,7,16,7.8
2011,Oregon,3865845,3424651,75785,67960,151327,15201,655245,189569,2644754,4.2,6.5,25.1,26.8,8.2,18.4,10.9
2011,Pennsylvania,12742811,10657036,1450469,41297,374742,7548,1690003,506761,8714235,3.6,7.7,37.5,16.6,7.6,16.6,10.4
2011,Rhode Island,1052154,905225,77135,9487,33239,1681,148079,61808,712266,6.4,8.8,26.4,18.9,8.4,18.8,12.3
2011,South Carolina,4672744,3195024,1312050,25004,64879,4047,852999,229623,3110532,5.6,10.3,30.7,20.8,8.6,15.6,8.4
2011,South Dakota,823338,711877,11699,74104,8599,548,112258,20880,537588,4.1,5.3,31.4,23.1,9.7,18.2,8.1
2011,Tennessee,6396281,5081890,1081722,26853,99202,5612,1148161,280645,4294392,6.1,9.7,33.4,21.2,6,15.3,8.3
2011,Texas,25644424,20729572,3140827,255980,1058418,32631,4627604,969403,16074391,9.5,9.4,25.5,22.6,6.5,17.7,8.7
2011,Utah,2815430,2590068,35002,41722,61002,26657,377396,91107,1608668,3.2,6.5,23.7,27.7,9.2,20.1,9.7
2011,Vermont,626210,597935,6755,2350,8487,171,71378,19645,434652,2.8,5.5,30.2,17.8,8.4,21.4,14
2011,Virginia,8107548,5782663,1595668,42279,471436,8481,912779,277476,5418844,4.8,7.3,25.6,20.1,7,20.5,14.6
2011,Washington,6819155,5583757,261132,126318,514073,45052,931605,321238,4583426,4.2,5.6,23.8,24.7,9.7,20.2,11.7
2011,West Virginia,1854891,1745926,64409,4083,13271,531,336658,65049,1294198,5.8,10,41.6,17.7,6.4,11.7,6.8
2011,Wisconsin,5705812,5040333,371285,61496,137649,2607,728099,238763,3831373,3.4,6.3,33.1,21.3,9.6,17.4,9
2011,Wyoming,567602,531732,5517,14781,4899,496,62801,17796,375608,1.8,6.2,30.8,26.6,9.9,16.5,8.3
2012,Alabama,4813946,3370390,1275479,32849,59970,4983,896515,173047,3209646,5.3,10.7,31.3,22,7.4,14.7,8.6
2012,Alaska,730825,492880,26534,109245,42392,8658,77494,26045,464594,3,5,28,27.7,8.2,17.1,10.9
2012,Arizona,6544211,5512632,297370,347886,204073,16778,1195931,252529,4280464,6.4,7.9,24.3,25.7,8.4,17.2,10.2
2012,Arkansas,2949208,2360226,459286,27248,41679,7527,560928,101626,1949382,5.4,9.8,35.2,22.5,6.1,13.8,7.2
2012,California,38019006,28035568,2505546,629860,5296441,187452,6323433,1921121,24779784,10.1,8.4,20.6,22.1,7.9,19.6,11.3
2012,Colorado,5186330,4573134,224583,80799,155809,9159,688715,217281,3444654,4,5.4,21.8,22.9,8.4,23.8,13.7
2012,Connecticut,3597705,2945896,403068,17792,152339,3624,370537,157581,2457978,4.2,6,27.8,17.6,7.4,20.5,16.6
2012,Delaware,916868,653516,202734,5901,32353,732,113316,32115,618612,4.1,7.4,31.5,20.3,7.2,18.1,11.4
2012,District of Columbia,635630,273572,317623,3509,24010,898,112719,66010,439531,4.4,7,18.4,14,3.2,23,30
2012,Florida,19341327,15124273,3227922,93421,510869,20265,3248276,794324,13503747,5.3,8.2,29.8,20.8,9.2,17.3,9.6
2012,Georgia,9911171,6210780,3100728,49711,356311,10944,1852459,439284,6403838,5.6,9.4,28.3,21.4,7.1,17.8,10.4
2012,Hawaii,1392772,358380,26496,5254,535725,142744,159988,38883,952281,4.3,5.3,28.3,22,10,19.6,10.5
2012,Idaho,1594673,1496898,11827,26967,21575,2923,250203,55552,1012786,4.1,6.1,27.7,27.6,9,17.3,8.2
2012,Illinois,12878494,10026655,1900585,74228,644970,7724,1847371,591223,8558895,5.6,6.8,27,21.4,7.6,19.7,12
2012,Indiana,6535665,5654682,616400,25163,119533,3741,984948,264286,4278945,4,8.4,35.3,20.7,8.1,15,8.4
2012,Iowa,3074386,2848688,97259,14454,62340,2710,377110,83262,2036993,3.2,5.2,32.3,21.9,11.1,18.1,8.2
2012,Kansas,2885316,2518400,177546,33697,75504,2803,392095,85098,1863224,3.7,6.1,27.3,24.4,8,19.5,10.9
2012,Kentucky,4383673,3886508,353153,12404,55680,3348,821067,167965,2935461,7,9.3,34.1,20.7,7.2,12.9,8.9
2012,Louisiana,4602681,2929748,1491898,34339,77567,2801,900395,147143,3006605,6,11,34.3,21.5,5.3,14.4,7.5
2012,Maine,1328101,1265690,17815,8932,14680,411,186484,52519,947017,3,5.5,34.8,19.8,9.1,18.1,9.8
2012,Maryland,5891680,3575471,1776134,31896,353547,5695,597705,217340,3972135,4.4,6.6,26.1,19.8,6.3,20,16.9
2012,Massachusetts,6659627,5556792,535061,31082,393584,6250,762971,232630,4556609,4.7,5.7,25.9,16.8,7.6,22.2,17.1
2012,Michigan,9886610,7922672,1414290,69769,262449,3634,1677776,426037,6621018,3.2,7.6,30.6,23.9,8.7,16,10
2012,Minnesota,5377695,4646342,300835,70501,237751,3145,597515,165215,3600744,3.1,4.4,26.4,22.3,10.6,22.4,10.8
2012,Mississippi,2982963,1789364,1114127,17174,28110,1649,689116,118340,1911968,5.7,12,30.6,22.7,8.4,13,7.6
2012,Missouri,6023267,5048733,707198,31722,107913,7865,945435,210034,4023641,3.9,8.1,31.6,22.8,7.1,16.7,9.7
2012,Montana,1003522,899875,5440,65832,7156,768,153105,30311,686770,2,5.2,29.7,25.3,8.4,20.2,9.2
2012,Nebraska,1854862,1666420,89051,24920,37408,2136,230375,40552,1206908,4,5.5,27.7,24.1,9.8,19.3,9.7
2012,Nevada,2752410,2122218,244461,44243,217379,19877,441373,153671,1840642,6,9.1,28.8,26.2,7.5,14.8,7.5
2012,New Hampshire,1320923,1247621,17859,3644,31365,557,123773,40726,919883,2.4,5.8,29.4,18.4,9.5,21.9,12.6
2012,New Jersey,8882095,6547455,1303085,51355,798915,8365,934277,428047,6049352,5.3,6.4,28.7,17.1,6.2,22.5,13.8
2012,New Mexico,2083590,1733076,50130,215353,33270,3252,421123,66178,1360330,6.9,8.7,26.5,23.6,8.2,14.9,11.2
2012,New York,19625409,13952914,3437157,187235,1581263,25267,3040207,818847,13309761,6.7,8,26.9,16.5,8.5,19,14.4
2012,North Carolina,9755299,7010605,2148096,151780,242489,11149,1706255,434382,6489883,5.8,9.1,27.1,22,8.7,18,9.3
2012,North Dakota,701380,630670,10883,38822,8300,401,75251,12193,457904,4,4.3,28,23.5,12.3,19.6,8.4
2012,Ohio,11546969,9626717,1443135,30520,213773,5574,1818886,421590,7770716,3.1,8.1,34.6,20.9,8.1,16,9.3
2012,Oklahoma,3815298,2881434,290906,346192,73896,6086,636134,94605,2487456,4.6,8.8,31.6,24,7.3,15.8,7.9
2012,Oregon,3893920,3441306,77192,69019,156456,15695,651302,172649,2671772,3.7,6.4,25.1,26.7,8.2,18.6,11.3
2012,Pennsylvania,12768034,10643547,1465605,42452,389244,7852,1688364,505625,8756317,3.6,7.5,36.8,16.5,7.9,17,10.9
2012,Rhode Island,1052761,902597,78265,9828,34304,1729,143625,58053,712271,6.4,7.5,27.9,18.1,8.8,18.7,12.8
2012,South Carolina,4719009,3225417,1321252,25271,67771,4105,837327,201260,3151616,5.2,10,29.8,21.1,8.9,16,9.1
2012,South Dakota,832576,716516,13747,75187,9571,566,109661,18941,544292,4.3,5.2,32.7,21.7,9.9,18.1,8.1
2012,Tennessee,6450632,5111790,1096252,27584,103557,5799,1135205,242726,4336473,5.7,9.1,33.1,21.3,6.5,15.7,8.6
2012,Texas,26078327,21015047,3210084,260502,1110282,33548,4565185,851780,16390379,9.2,9.4,25.2,22.9,6.6,17.7,9
2012,Utah,2854222,2620783,36199,42751,63575,27443,364124,74164,1641335,3,6,23.1,27.5,9.7,20.3,10.4
2012,Vermont,625606,596461,7004,2324,8869,191,71626,17573,434948,2.9,5.4,30.5,16.4,9,21.9,13.9
2012,Virginia,8188656,5824459,1609922,42700,488392,8675,936384,255857,5504766,5,7.1,25.3,20,7.2,20.6,14.9
2012,Washington,6890899,5616670,269778,129115,532869,46332,916976,282011,4645859,4,5.6,23.7,25.4,9.6,20.3,11.3
2012,West Virginia,1855360,1744690,64708,4199,13678,525,323978,60533,1296201,5.6,9.9,40.6,19,6.3,11.4,7.3
2012,Wisconsin,5721075,5043795,374054,62445,142680,2714,738226,216563,3854170,3.3,5.9,32.4,21.2,10,17.9,9.3
2012,Wyoming,576608,537477,7654,15149,5221,539,66879,16335,380942,2.3,6,30.4,26.6,10,16.9,7.8
2013,Alabama,4827660,3371009,1284249,32869,61899,4907,889091,156957,3225447,4.9,10.6,31,22,8,14.8,8.7
2013,Alaska,736760,494614,27150,110486,43672,9092,72643,25491,462659,3.1,5.3,27.9,27.5,8.3,18.2,9.8
2013,Arizona,6616124,5557514,305287,353200,211388,17106,1206948,234728,4344737,6.4,7.7,24.8,25.1,8.6,17.1,10.3
2013,Arkansas,2956780,2361882,461405,27529,42899,7834,557399,95717,1960503,5.6,10,35.3,22.4,6.1,13.4,7.2
2013,California,38347383,28190692,2511827,632941,5424022,190091,6328064,1666589,25147232,10.1,8.2,20.8,22,7.9,19.5,11.5
2013,Colorado,5262556,4631093,230212,82401,161399,9489,665351,189597,3514235,3.7,5.8,21.7,22.8,8.3,23.8,14
2013,Connecticut,3602470,2938667,408815,18259,156013,3629,373387,145573,2465315,4.5,5.9,27.3,17.7,7.5,20.6,16.6
2013,Delaware,925114,656786,205358,5942,33887,768,115774,29609,629730,3.9,7.7,31.2,19.7,7.7,17.2,12.6
2013,District of Columbia,650114,281385,322188,3825,24988,924,115096,63550,453014,3.8,6.1,18.6,13.4,3.1,22.7,32.4
2013,Florida,19584927,15278917,3284090,94712,527075,20843,3268130,683663,13726996,5.3,7.9,29.5,20.7,9.5,17.6,9.7
2013,Georgia,9981773,6221004,3139739,50047,370267,11113,1849944,389783,6472172,5.6,9,28.6,21.2,7.4,17.8,10.6
2013,Hawaii,1408038,364996,27637,5405,537421,144248,153375,31866,959903,3.9,5.1,27.4,22,10.4,20.8,10.4
2013,Idaho,1610187,1509532,12436,27591,22020,3111,246708,47197,1026889,4.3,6.3,27.4,26.7,9.1,18,8.2
2013,Illinois,12890403,10014744,1899010,74233,664233,7931,1841996,592724,8593665,5.5,6.6,27,21.1,7.6,19.8,12.4
2013,Indiana,6567484,5667053,623656,25564,127057,3912,1008411,244131,4312892,4.1,8.3,34.3,21.3,8.2,15.2,8.6
2013,Iowa,3089876,2852480,101896,15010,66676,2894,377037,79299,2048270,3.1,5.3,32.7,21.4,11.1,18.1,8.4
2013,Kansas,2892900,2520369,178307,34002,78374,2968,391718,78700,1872445,4,5.9,26.6,24.6,7.8,20,11.1
2013,Kentucky,4399121,3891924,357817,12570,57934,3425,803044,164563,2953653,6.6,9.3,33.1,20.8,7.6,13.3,9.3
2013,Louisiana,4626795,2937531,1503264,34919,79546,2848,897284,140877,3034973,5.8,11.1,33.6,21.5,5.4,14.9,7.6
2013,Maine,1327975,1264091,18287,8979,15038,424,181386,46895,953962,2.9,5.2,33.8,20.2,9.6,18.1,10.1
2013,Maryland,5932654,3581827,1794612,32424,364341,5954,591457,205854,4018701,4.1,6.7,25.7,19.8,6.3,20.3,17.1
2013,Massachusetts,6711138,5570175,550192,31500,409539,6549,770922,236035,4604795,4.9,5.2,25.9,16,7.7,22.5,17.8
2013,Michigan,9899219,7922007,1411189,70253,273076,3739,1646038,415915,6645295,3.3,7.3,29.7,23.9,8.9,16.4,10.5
2013,Minnesota,5416074,4659487,311798,71871,246778,3265,592526,146834,3629333,3.1,4.5,26.3,21.9,10.6,22.4,11.1
2013,Mississippi,2987721,1786520,1118994,17401,29149,1705,692058,108725,1931054,6.3,11.3,30.6,23,8.4,12.9,7.5
2013,Missouri,6041142,5054356,711466,32130,111349,8031,928778,202767,4047283,3.7,7.6,31.5,22.6,7.6,16.9,10
2013,Montana,1011921,906144,5405,66848,7421,822,159248,27710,689169,2.2,5.1,29.1,26.2,8.5,19.7,9.3
2013,Nebraska,1867414,1673523,90650,25501,39388,2131,234742,38357,1215208,4.4,5.4,27.1,23.9,9.8,19.6,9.8
2013,Nevada,2786547,2137300,249915,44885,225725,20514,433267,133035,1872884,6,8.8,28.4,26,8.1,15.1,7.5
2013,New Hampshire,1322622,1247072,18356,3702,32566,556,115146,37751,924568,2.9,4.4,29.3,19.4,9.5,21.9,12.6
2013,New Jersey,8913735,6541243,1313732,51825,820093,8615,995390,374732,6086705,5.5,6,28.8,16.8,6.4,22.6,14
2013,New Mexico,2085161,1729336,50594,218474,33932,3248,437923,64095,1361846,7.4,8.4,26.5,23.5,7.8,15,11.4
2013,New York,19712514,13955282,3462008,188870,1625043,25705,3068230,745382,13419310,6.8,7.6,26.8,16.1,8.6,19.3,14.8
2013,North Carolina,9849812,7053935,2176364,153492,256124,11591,1711331,374826,6568110,5.4,8.8,26.5,22,8.8,18.4,9.9
2013,North Dakota,722908,646742,13357,39850,9195,407,81055,11801,467815,4.1,4.4,27.5,23.1,13.8,20,7.2
2013,Ohio,11567845,9618574,1455025,31141,222970,5749,1793523,426121,7805254,3.2,7.8,34.2,20.5,8.2,16.4,9.7
2013,Oklahoma,3849840,2898523,295299,351076,77592,6415,624209,95212,2506437,4.4,8.9,32.3,23.5,7.2,16.1,7.7
2013,Oregon,3919664,3456419,78740,69686,161218,15947,637505,150400,2704043,4.1,6.1,24.3,26.3,8.4,19.3,11.5
2013,Pennsylvania,12778450,10617297,1478657,43673,403251,8239,1687854,474600,8809510,3.6,7.2,36.4,16.2,7.9,17.5,11.2
2013,Rhode Island,1052784,899360,80050,10028,34959,1783,148275,51556,719956,6.1,8,26.6,18.5,8.3,19.8,12.6
2013,South Carolina,4765862,3256308,1330919,25550,70209,4279,858553,167326,3198816,5,9.3,29.4,21.3,8.9,16.6,9.5
2013,South Dakota,842513,722454,15024,76184,10521,598,114291,16795,550959,3.5,4.9,31.3,22.3,11.4,18.9,7.6
2013,Tennessee,6490795,5132839,1106368,28086,107424,5902,1128618,238952,4370035,5.6,8.8,32.9,21.2,6.7,15.6,9.2
2013,Texas,26479279,21269804,3276758,265158,1163134,34816,4531427,804949,16673656,9.1,9,25.2,22.6,6.5,18.3,9.3
2013,Utah,2899961,2657735,37474,43815,66476,28396,360119,64438,1670449,2.9,5.5,22.9,27.8,9.5,20.9,10.5
2013,Vermont,626044,595762,7380,2312,9406,190,73947,15483,436174,3.2,5.3,30.6,16.9,8.2,21.4,14.3
2013,Virginia,8261689,5856484,1624582,43178,506035,8906,941059,242095,5561224,4.7,6.9,24.8,20.1,7.3,21.1,15.1
2013,Washington,6963410,5648890,277216,131912,553193,48138,963088,244027,4706104,4,5.9,23.3,24.6,9.5,20.9,11.8
2013,West Virginia,1852333,1739712,65229,4280,14106,520,331674,54120,1294025,5.4,10,40.2,18.6,6.8,11.3,7.6
2013,Wisconsin,5736673,5048291,376217,63368,147652,2775,753709,207308,3879291,3.1,6,32,21.1,10,18.4,9.4
2013,Wyoming,582341,541339,8613,15431,5446,548,62118,14477,383914,1.5,5,28.4,27.8,10.7,17.8,8.8
2014,Alabama,4840037,3372411,1290677,33075,64014,4915,905682,146531,3256766,5.1,10.2,31.6,21.8,7.9,14.7,8.8
2014,Alaska,736759,492164,27046,111385,44783,9213,81622,25119,465149,2.7,4.4,28.4,28.3,8.2,18.4,9.6
2014,Arizona,6706435,5617958,314624,358979,219440,17516,1195889,209331,4436226,6.4,7.5,24.3,25.7,8.5,17.3,10.3
2014,Arkansas,2964800,2364195,463356,27953,44029,8351,539999,79279,1968414,5.6,9,34.9,22.8,6.3,13.8,7.5
2014,California,38701278,28350638,2524737,636482,5564407,192502,6253423,1407081,25654292,10,7.9,20.9,21.7,7.8,20,11.8
2014,Colorado,5342311,4692148,236570,83700,167347,9704,632987,140017,3584463,4.1,5.3,21.9,22.1,8.2,24.1,14.3
2014,Connecticut,3600188,2925959,412205,18630,160614,3706,375281,125169,2471818,4.2,5.8,27.5,17.1,7.5,21.3,16.7
2014,Delaware,934805,660763,208665,5980,35450,819,118032,25926,640343,3.4,7.7,31.2,19.2,7.9,18.3,12.3
2014,District of Columbia,660797,288410,324523,3906,25679,966,114790,58798,463211,4.1,5.7,18.2,13.6,3.4,24.3,30.6
2014,Florida,19897747,15489974,3348129,96613,546048,21496,3231142,601684,14041196,5.2,7.6,29.6,20.7,9.7,17.4,9.8
2014,Georgia,10083850,6247325,3191139,50616,386348,11472,1802783,336494,6576408,5.4,9,28.4,21.1,7,18.2,10.8
2014,Hawaii,1417710,367944,28648,5591,538562,145271,158266,29013,974586,4,4.3,28.5,21.7,10.5,20.6,10.5
2014,Idaho,1630391,1526475,13056,28138,22802,3255,237604,38106,1045193,3.9,6,28.2,27.6,9.3,16.8,8.3
2014,Illinois,12882438,9987403,1895114,74387,681639,8085,1802337,461113,8639076,5.2,6.6,26.7,20.9,7.8,20.1,12.7
2014,Indiana,6593182,5675022,629851,25928,134114,3953,968437,192178,4342916,3.9,7.7,34.3,21.1,8.5,15.7,8.9
2014,Iowa,3105563,2856233,106699,15442,71028,3110,368678,72251,2062734,3.1,4.8,31.7,21.4,11.3,18.6,9
2014,Kansas,2899553,2521064,179174,34137,81408,3116,381506,67694,1881521,3.9,5.8,26.5,24.1,8.1,20.3,11.3
2014,Kentucky,4410415,3894959,360757,12807,60498,3586,812803,129326,2967181,6.6,8.9,33.8,20.7,7.7,13,9.2
2014,Louisiana,4648797,2945590,1511723,35451,81332,2849,898902,137530,3060688,5.7,10.7,33.8,21.5,5.4,15.2,7.8
2014,Maine,1328903,1263363,18914,9105,15438,435,181737,39232,959407,3.1,5.2,32.3,20.3,9.7,19.4,10
2014,Maryland,5970245,3584101,1813490,33083,374830,6207,604762,181990,4062813,4.1,6.3,25.7,19.1,6.5,20.7,17.5
2014,Massachusetts,6757925,5580962,564046,31860,425292,6705,760211,204426,4654351,5,5.4,24.9,15.7,7.9,23.2,18
2014,Michigan,9914675,7921014,1410299,70851,284490,3766,1567465,344232,6680525,3.2,6.9,29.7,23.6,9.3,16.5,10.8
2014,Minnesota,5452649,4670084,324189,72776,255525,3418,607870,124056,3672583,3,4.5,25.7,21.6,11,22.7,11.6
2014,Mississippi,2988578,1781936,1122259,17627,29967,1703,634960,93956,1950710,5.8,11.4,30,23.1,8.6,13,8
2014,Missouri,6058014,5059142,714659,32877,115349,8260,908394,186855,4076767,3.6,7.6,31.4,22.5,7.5,17.1,10.4
2014,Montana,1019931,911917,5465,67859,7769,830,151915,23872,695850,2.2,5.2,30.6,24.5,8.2,19.5,9.8
2014,Nebraska,1880920,1680055,92542,26381,41984,2208,225054,33187,1224701,4.3,5.4,27.2,23.1,10.4,20.2,9.3
2014,Nevada,2831730,2159095,258523,46147,234066,20964,430447,110466,1919598,6.1,8.8,28.2,25.8,8.1,15.2,7.9
2014,New Hampshire,1328684,1250622,18954,3764,33854,564,117822,31690,931304,2.6,5.3,28.6,18.8,9.8,21.7,13.3
2014,New Jersey,8943010,6532523,1323971,52290,841596,8817,972441,305914,6127931,5.2,5.8,28.2,17.1,6.4,23.1,14.3
2014,New Mexico,2083207,1722660,51142,221446,34399,3247,420388,61913,1373822,6.6,9.2,26.4,23.4,8,15.1,11.4
2014,New York,19773580,13938275,3477308,189816,1673128,26058,3082613,607235,13539612,6.7,7.6,26.6,16.1,8.6,19.6,14.9
2014,North Carolina,9941160,7097038,2202097,155373,269607,11816,1663954,296608,6661937,5,8.5,26.6,21.9,9.2,18.6,10.1
2014,North Dakota,738658,657474,15839,40701,9942,437,79203,11051,478850,3.3,4.5,27.9,23.5,13.5,19.8,7.6
2014,Ohio,11593741,9612085,1467640,31575,234862,5953,1778288,330917,7857460,3,7.7,33.9,20.4,8.4,16.6,10.1
2014,Oklahoma,3875008,2908084,298153,355396,81363,6731,623162,80583,2529885,4.2,8.5,31.7,24.1,7.3,16,8.1
2014,Oregon,3960673,3482095,81266,70762,168428,16474,637156,131467,2746957,4.2,6.1,24.3,26.2,8.4,19.2,11.6
2014,Pennsylvania,12790341,10594193,1489926,44698,418102,8616,1679008,375036,8858865,3.5,7.1,36.4,16.2,7.9,17.5,11.4
2014,Rhode Island,1054782,897319,81898,10244,36191,1842,149825,42788,725871,5.7,8.5,28.7,18.4,8.2,18.1,12.3
2014,South Carolina,4824758,3297047,1341048,25870,73656,4492,838065,143413,3260929,4.5,9.3,30.3,20.7,8.8,16.7,9.6
2014,South Dakota,849455,727067,15489,77038,10987,589,115906,15336,555488,3.4,4.9,30.6,22,11.3,20,7.8
2014,Tennessee,6540007,5161586,1117348,28725,111733,6005,1165245,198911,4425073,5.4,8.8,33.3,20.5,6.7,16.2,9.1
2014,Texas,26954436,21575597,3353836,270235,1225569,36114,4519548,664333,17087888,9,8.8,25.2,22.5,6.7,18.2,9.6
2014,Utah,2938671,2688942,38451,44780,68931,29105,341587,54492,1704734,3,5.6,23,27.4,9.9,20.8,10.3
2014,Vermont,625665,594330,7608,2331,9874,199,72294,13734,438279,2.8,5.2,30.7,18.7,7.8,20.9,14
2014,Virginia,8316902,5872722,1637929,43592,522658,9078,955541,221949,5623295,4.8,6.7,24.6,19.9,7.3,20.9,15.9
2014,Washington,7046931,5689915,283480,134771,575717,49870,913463,213913,4784484,4,5.5,22.8,24.5,10,21,12.1
2014,West Virginia,1847624,1733683,65363,4341,14462,510,328734,52334,1296350,5,9.9,41.1,18.4,6.5,11.8,7.4
2014,Wisconsin,5751272,5050650,379131,64191,152879,2911,737307,166716,3898162,3,5.7,31.9,20.7,10.3,18.9,9.5
2014,Wyoming,583334,542180,7976,15722,5595,565,63860,12674,388962,2.2,5.3,27.4,27.9,10.7,17.9,8.7
2015,Alabama,4850858,3371442,1297408,33326,66400,4948,875853,131427,3282252,4.8,10.3,31,21.6,8.1,15.4,8.8
2015,Alaska,737979,490857,27069,112325,45729,9447,74941,23740,469523,2.6,4.8,27.3,27.5,8.1,18.7,11
2015,Arizona,6802262,5681450,326359,363857,228723,17877,1159046,190795,4536954,6,7.9,24.5,25.5,8.4,17.4,10.3
2015,Arkansas,2975626,2367891,466085,28401,45639,8763,540733,67089,1987819,5.3,9.3,34.1,22.7,6.8,14,7.8
2015,California,39032444,28484140,2533613,639502,5713214,195013,5896255,1171678,26085263,9.9,7.9,20.8,21.5,7.6,20.3,12
2015,Colorado,5440445,4768402,243176,85603,174268,10049,614410,109700,3671853,3.7,5.1,21.7,22,8.2,24.8,14.5
2015,Connecticut,3593862,2908559,416581,18904,165193,3761,367867,108398,2474718,4.2,5.6,27.4,16.9,7.6,21.7,16.7
2015,Delaware,944107,663933,212309,5967,37244,831,115655,22706,652636,3.8,7.3,29.8,20.1,8.1,18,12.9
2015,District of Columbia,672736,296603,326394,3940,26930,984,113185,53466,472884,4.3,5.9,17.4,12.7,3,23.8,32.9
2015,Florida,20268567,15749740,3416794,99049,567103,22245,3129061,525275,14394281,5.2,7.2,29.2,20.4,9.6,18.2,10.2
2015,Georgia,10199533,6279980,3247029,51339,404709,11743,1705831,285708,6683767,5,8.9,28.1,20.7,7.4,18.6,11.3
2015,Hawaii,1426320,371075,29842,5650,539333,145984,149091,24047,985914,4.1,5.1,27.1,21.6,10.7,20.8,10.6
2015,Idaho,1649324,1541803,13609,28891,23776,3318,238646,33666,1065982,3.7,6.3,27.5,27,9.6,17.8,8.2
2015,Illinois,12862051,9949230,1890018,74538,698500,8181,1702210,387957,8661938,5.3,6.2,26.7,20.8,8.1,20.3,12.7
2015,Indiana,6610596,5675215,635472,26184,141541,4063,924428,157759,4363573,3.8,8,34.3,20.6,8.3,16,9
2015,Iowa,3118473,2858187,111417,15784,74884,3279,366453,64199,2074504,3.2,5.1,32.1,21.4,11.4,18.2,8.7
2015,Kansas,2905789,2521846,179952,34114,84455,3165,366069,62098,1888479,3.8,5.9,26.5,23.6,8.4,20.4,11.4
2015,Kentucky,4422057,3897756,363781,12892,63782,3622,786345,104641,2988790,6.2,8.7,33.5,20.4,7.9,13.6,9.7
2015,Louisiana,4671211,2954915,1519297,35791,83658,2967,885846,136749,3095255,5.2,10.2,34.1,21.1,6.1,15.2,8
2015,Maine,1327787,1260761,19576,9202,15689,455,171266,30039,961240,2.8,5.5,32.7,19.2,9.7,19.5,10.6
2015,Maryland,6000561,3578775,1832103,34068,386164,6399,583369,160200,4102486,4.2,6.1,25.1,19.2,6.5,21.1,17.7
2015,Massachusetts,6794002,5581124,577882,32169,440998,6842,752453,172367,4706644,4.5,5.2,25.2,15.9,7.7,23.1,18.4
2015,Michigan,9918170,7909654,1408385,71366,295520,3834,1524330,257787,6728347,3,6.9,29.4,23.7,9.2,17,10.8
2015,Minnesota,5483238,4674152,336697,73952,264494,3604,546499,110669,3700935,3,4.2,25.4,21.5,11.2,22.9,11.8
2015,Mississippi,2985297,1775403,1123488,17852,30706,1708,638919,81146,1952337,5.8,10.8,31,22.4,9.2,13,7.9
2015,Missouri,6072640,5062567,717618,33366,118898,8420,875704,154428,4097212,3.6,7.5,31,22.4,7.7,17.3,10.6
2015,Montana,1028317,918364,5638,68579,8102,856,144634,21547,706329,2,4.4,31.5,22.8,8.6,20.4,10.2
2015,Nebraska,1893564,1686059,94194,27221,44793,2217,224696,30306,1232583,3.9,5.1,26.9,23.8,10.1,19.8,10.4
2015,Nevada,2883057,2183178,269559,47238,243313,21582,424824,95715,1968167,6.4,8,27.9,26,8.1,15.5,8.1
2015,New Hampshire,1330134,1249799,19488,3792,34998,583,108293,25063,937214,1.9,4.9,28.5,19.2,9.7,21.9,13.7
2015,New Jersey,8960001,6514304,1332142,52754,862620,8991,945989,262537,6166384,5.2,5.8,28.5,16.6,6.4,23.3,14.3
2015,New Mexico,2082264,1716896,51583,224468,35113,3238,405364,60612,1377548,6.7,8.6,26.8,23.6,7.7,14.4,12.1
2015,New York,19819347,13907386,3490863,190522,1722040,26368,2985604,508464,13641473,6.6,7.4,26.5,16,8.5,20,15
2015,North Carolina,10041769,7149387,2226421,157439,283629,12076,1607249,273616,6762644,5,8.4,26.4,21.5,9.2,18.9,10.6
2015,North Dakota,754859,667098,19734,41499,10880,487,78613,11543,492017,3.7,3.8,27.6,22.7,13.1,21.5,7.7
2015,Ohio,11606027,9593118,1480464,31969,245667,6195,1670487,279431,7896470,3,7.3,33.7,20.6,8.6,16.8,10
2015,Oklahoma,3904353,2920012,301972,359936,85347,7121,608507,80732,2557863,4.3,8.4,31.6,23.7,7.4,16.5,8.1
2015,Oregon,4016537,3520529,84086,72035,175988,17128,601626,110819,2804461,3.7,6.3,23.4,25.8,8.8,20.2,12
2015,Pennsylvania,12791124,10561710,1499816,45867,432268,9035,1624991,340483,8895727,3.3,7,35.7,16,8.3,18.1,11.6
2015,Rhode Island,1055916,894419,83739,10616,37308,1902,143724,33231,730083,5.5,6.8,28,18.5,8.5,19.3,13.4
2015,South Carolina,4892423,3345347,1352153,26356,77242,4697,796609,135095,3319832,4.4,9.2,29.4,20.7,9.4,17.3,9.5
2015,South Dakota,854036,728925,16096,77803,11609,608,111697,13958,563108,3.4,5.4,31.2,21.3,11.1,19.6,7.9
2015,Tennessee,6590726,5192939,1127363,29377,116062,6113,1077866,172066,4473487,5.3,8.6,33.1,20.5,6.7,16.1,9.6
2015,Texas,27454880,21894526,3435502,275380,1293740,37744,4255690,581373,17472861,8.9,8.7,25.3,21.8,6.9,18.7,9.7
2015,Utah,2984917,2726259,39484,45806,72008,30202,331233,52979,1741949,2.9,5.6,24.2,26.3,9.2,21.1,10.7
2015,Vermont,624455,592161,7909,2357,10333,212,62643,12321,438654,2.8,5.5,29,17.1,8.6,22.3,14.6
2015,Virginia,8366767,5882813,1652240,44100,539723,9286,914226,187931,5685318,4.5,6.6,24.6,19.8,7.5,21.3,15.7
2015,Washington,7152818,5746939,291454,137470,601491,52061,860734,200408,4889314,3.9,5.2,23.1,24,9.6,21.7,12.5
2015,West Virginia,1839767,1724792,65255,4414,14624,500,322589,52670,1300347,4.5,9.5,40.7,18.8,6.9,11.7,7.9
2015,Wisconsin,5759744,5047785,381346,65124,157823,3010,679937,140729,3918997,3,5.6,31.2,21.3,10.5,18.9,9.4
2015,Wyoming,586102,544776,7452,15857,5644,597,60787,13089,388747,2,5.8,28.8,26.3,10.9,17.3,9
2016,Alabama,4860545,3371066,1302322,33686,68708,5058,814197,127551,3300713,4.8,10.1,30.6,21.5,8.2,15.4,9.4
2016,Alaska,741522,490864,27564,112787,46968,9788,71916,25100,478951,2.2,4.7,28,27.1,8.5,19,10.6
2016,Arizona,6908642,5753506,338570,368656,238361,18357,1107153,172915,4626409,5.7,7.5,23.9,25.5,8.4,18.1,10.8
2016,Arkansas,2988231,2372843,468916,29046,47496,9121,497388,53012,1990448,5,9,34.3,22.6,6.7,14.2,8.2
2016,California,39296476,28560032,2541412,644642,5855369,197274,5527621,1044831,26304241,9.7,7.8,20.5,21.3,7.7,20.6,12.3
2016,Colorado,5530105,4837197,249062,87445,181324,10338,598378,94340,3745506,3.4,5.1,22,21,8.6,24.9,14.9
2016,Connecticut,3587685,2891943,420852,19100,169339,3757,342171,97981,2467737,4.1,5.4,27.5,16.8,7.5,21.9,16.7
2016,Delaware,952698,667076,215758,6064,38461,862,109592,21447,662547,3.4,7.3,32.1,18.4,7.9,18.4,12.6
2016,District of Columbia,684336,305232,327126,4092,28389,997,119778,48130,480158,3.6,6,17.8,13,2.9,24,32.9
2016,Florida,20656589,16022497,3486301,101906,591200,23056,2986237,472941,14703671,5.2,7.4,28.9,20.1,9.7,18.2,10.4
2016,Georgia,10313620,6310426,3303960,52609,422065,11953,1612368,264096,6785395,4.9,8.7,27.8,20.5,7.6,18.7,11.7
2016,Hawaii,1428683,370362,30833,5587,539419,145708,132597,20135,990937,3.6,4.4,28,21.5,10.5,21.4,10.6
2016,Idaho,1680026,1567868,14302,29437,25092,3477,228037,30577,1087265,3.2,6.4,27.9,25.3,9.6,18.7,8.9
2016,Illinois,12835726,9909184,1881983,75188,714502,8309,1620974,380431,8665219,5,6.2,26,21,7.9,20.9,13
2016,Indiana,6634007,5679252,641941,26637,149498,4233,899168,147035,4392576,3.8,7.9,33.7,20.5,8.5,16.3,9.3
2016,Iowa,3130869,2860136,115824,16075,78734,3509,354429,61149,2087020,3.2,5.1,31.1,21,11.2,19.1,9.3
2016,Kansas,2907731,2519340,179649,34304,87229,3250,343773,59923,1891936,3.6,5.8,26.2,23.2,8.3,20.7,12.2
2016,Kentucky,4436113,3901878,367451,13221,66822,3661,782779,103121,2995509,5.7,8.6,32.3,21.4,8.6,14,9.5
2016,Louisiana,4686157,2958471,1526048,36094,85759,2943,911970,128576,3115020,5.2,10.4,34,21,6,15.2,8.2
2016,Maine,1330232,1261247,20330,9342,16110,472,159523,26243,966569,2.7,5,32.9,19.4,9.8,18.8,11.3
2016,Maryland,6024752,3572673,1846936,34697,396678,6539,572786,140883,4122508,4,5.8,25.4,18.9,6.5,20.9,18.5
2016,Massachusetts,6823721,5575622,590902,32669,456830,6974,688366,140306,4727515,4.5,5.1,24.5,15.5,7.7,23.8,19
2016,Michigan,9933445,7906913,1407926,72120,307282,3970,1449683,241015,6760402,3,6.6,29.3,23.6,9.3,17.2,11.1
2016,Minnesota,5525050,4687397,350890,74519,274048,3742,531789,117181,3725283,3,4.1,25.2,21.4,11.5,23.1,11.7
2016,Mississippi,2985415,1771276,1125713,17980,31511,1744,606873,74479,1957022,4.8,11,30.8,22.4,9.1,13.5,8.2
2016,Missouri,6091176,5069869,720649,33969,122268,8723,826358,140250,4121014,3.3,7.1,30.7,22.5,7.9,17.7,10.8
2016,Montana,1038656,926475,5856,69263,8456,895,136439,21638,712616,1.9,5.3,29,23.6,9.3,20.9,10.1
2016,Nebraska,1907603,1693622,95975,27675,47585,2288,208864,31093,1243820,4.1,5,26.4,22.6,10.4,21.1,10.4
2016,Nevada,2939254,2208915,281928,48465,253484,22529,407308,82079,2010610,6.1,7.8,29.1,25.7,7.8,15.3,8.1
2016,New Hampshire,1335015,1251836,20392,3876,36069,601,97753,21298,947586,2.2,5,27,18.9,10.3,22.5,14.1
2016,New Jersey,8978416,6499057,1338557,53480,884170,9328,915390,225268,6171172,5.1,5.6,27.6,16.6,6.5,23.7,14.9
2016,New Mexico,2085432,1716662,52109,225826,35661,3259,390461,62028,1391381,6.1,8.5,26.6,23.2,8.4,15.5,11.7
2016,New York,19836286,13856651,3501251,192082,1765836,26681,2843954,468421,13653592,6.3,7.3,26.2,15.8,8.7,20.1,15.5
2016,North Carolina,10156689,7212423,2252476,159284,299130,12391,1523034,246599,6877185,4.6,8.1,25.8,21.6,9.5,19.6,10.8
2016,North Dakota,755548,663424,22448,41694,11724,495,76951,12760,495015,2.8,4.8,27.1,22.1,13.6,21.7,7.8
2016,Ohio,11622554,9578424,1491855,32429,257547,6410,1639636,287981,7922061,2.8,7.2,33.3,20.6,8.6,17.2,10.3
2016,Oklahoma,3921207,2923751,304420,362300,88491,7254,615050,88136,2571636,4,8.2,31.2,23.5,7.9,16.8,8.4
2016,Oregon,4085989,3569538,87289,73450,184936,17805,538169,98262,2857952,3.7,6,22.9,26.1,8.6,20,12.7
2016,Pennsylvania,12787085,10525562,1509275,46921,446233,9285,1589584,347589,8921975,3.2,6.6,35.1,16,8.2,18.8,12
2016,Rhode Island,1057566,892287,85549,10783,38279,1937,134683,28810,734045,5.2,6.2,27.8,18.4,8.2,20.6,13.5
2016,South Carolina,4959822,3393346,1362886,26870,81520,4877,739574,114145,3388476,4.4,9,29,21,9.4,17.4,9.8
2016,South Dakota,861542,733199,17253,78355,12289,652,107953,13557,565894,3.2,5.6,29,21.8,11.5,19.6,9.2
2016,Tennessee,6649404,5231987,1136948,30090,120491,6299,1023825,147651,4527198,4.8,8.3,32.4,21.2,7.3,16.7,9.4
2016,Texas,27904862,22166782,3517355,281421,1358769,39267,4261291,615054,17775280,8.6,8.5,25.2,21.8,7.1,18.9,10
2016,Utah,3044321,2774606,41311,46581,75576,31452,307270,51970,1783244,2.9,5.4,22.7,26.5,10,21.4,11.2
2016,Vermont,623354,589836,8196,2373,10948,227,67825,11173,439563,2.5,5.3,29.3,17.3,9.2,21.1,15.2
2016,Virginia,8414380,5891174,1665348,45041,557115,9462,897244,173511,5721173,4.3,6.4,24,19.5,7.7,21.7,16.4
2016,Washington,7280934,5820007,301100,139457,630470,54605,808582,191074,4996555,3.8,5.3,22.3,23.6,9.8,22,13.2
2016,West Virginia,1828637,1712647,65116,4461,14980,514,318368,47620,1291757,4.4,9.6,39.7,18.1,7.4,12.6,8.2
2016,Wisconsin,5772917,5049698,383269,65894,163352,3100,661465,125042,3933329,2.7,5.4,31.1,20.7,10.7,19.3,10.2
2016,Wyoming,584910,543224,7421,15844,5804,604,62416,15870,390794,1.5,5.4,29.3,25.1,11.7,17.4,9.7
2017,Alabama,4874747,3374131,1308214,34108,71338,5239,802263,95338,3309607,4.2,9.4,31.1,21.4,8.4,16,9.6
2017,Alaska,739795,486724,27595,112994,47754,10084,79428,25977,481561,3,5.4,27.6,26.4,8.9,18,10.8
2017,Arizona,7016270,5827866,349944,373532,247790,19091,1023337,161315,4711362,5.4,7.4,24.1,25,8.7,18.3,11
2017,Arkansas,3004279,2381662,471145,29722,49292,9653,475883,49831,2008398,4.6,8.7,34,22.1,7.1,15,8.4
2017,California,39536653,28611160,2553498,650250,5993089,199449,5164169,918881,26679273,9.2,7.5,20.8,21.1,7.8,21.1,12.6
2017,Colorado,5607154,4894372,253666,89116,188635,10546,566118,84839,3822068,3.4,5,21.3,20.9,8.2,26,15.2
2017,Connecticut,3588184,2879759,426851,19480,173633,3845,338651,89718,2493854,4.1,5.5,27.1,16.5,8.1,21.4,17.3
2017,Delaware,961939,670512,219310,6228,39768,878,121592,21922,673686,3.5,6,32.4,19,7.7,18,13.5
2017,District of Columbia,693972,313234,326807,4139,29747,976,109502,48522,494614,4.3,5.5,17.2,12.5,3.2,23.9,33.4
2017,Florida,20984400,16247613,3547464,104511,613880,23660,2901876,419446,15020177,4.7,6.9,28.8,19.9,10,18.9,10.8
2017,Georgia,10429379,6341768,3361924,53646,440104,12198,1536069,239777,6896026,4.5,8.4,28.1,20.2,7.8,19,11.9
2017,Hawaii,1427538,366546,31147,5574,539280,145554,132201,16177,997744,3.5,4.3,28.1,20.5,10.7,21.7,11.2
2017,Idaho,1716943,1599814,15052,29973,26359,3700,211937,26299,1111788,3.3,5.9,28.2,26.3,9.7,18.2,8.5
2017,Illinois,12802023,9864942,1872275,75867,729694,8374,1568670,321902,8707057,4.9,6,26.1,20.6,8,21,13.4
2017,Indiana,6666818,5690929,649813,27274,157668,4439,860753,117058,4435317,3.6,7.7,32.7,20.2,8.9,17,9.8
2017,Iowa,3145711,2864664,120218,16222,82346,3712,328629,52513,2093909,3.1,4.8,30.5,21,11.6,19.4,9.5
2017,Kansas,2913123,2519176,179569,34664,89908,3430,335371,53567,1904528,3.5,5.5,25.8,22.7,8.8,21.2,12.6
2017,Kentucky,4454189,3908964,372839,13263,69734,3848,738563,100302,3018953,5.4,8.2,33,21.3,8,14,9.9
2017,Louisiana,4684333,2951003,1528167,36526,87305,2937,893827,108317,3120277,4.9,10,34,21.4,5.9,15.5,8.3
2017,Maine,1335907,1264744,21093,9511,16643,474,147413,22958,971740,2.6,5.1,30.9,19,10.3,19.9,12.1
2017,Maryland,6052177,3568679,1862566,35386,407369,6581,556549,133209,4167604,4,6.1,24.5,18.9,6.8,21.3,18.3
2017,Massachusetts,6859819,5576725,603433,33341,473001,7065,692943,135691,4788573,4.3,4.9,24.3,15.5,7.5,23.9,19.5
2017,Michigan,9962311,7914418,1408605,73124,319772,4087,1373358,226543,6819310,2.8,6.3,28.9,23.4,9.5,17.6,11.5
2017,Minnesota,5576606,4708215,365225,75402,284643,3970,517348,105766,3778416,3,3.9,24.8,20.9,11.3,23.5,12.5
2017,Mississippi,2984100,1766950,1126498,18179,32515,1787,573717,64956,1959341,4.8,10.8,30.4,22,10.1,13.5,8.3
2017,Missouri,6113532,5080444,723029,34635,126443,9122,793001,114587,4150275,3.1,7.2,30.8,22,7.9,17.9,11.1
2017,Montana,1050493,935792,6114,69913,8842,910,130616,21174,723666,2.2,4.8,28.1,23.5,9.1,21.7,10.6
2017,Nebraska,1920076,1700881,97078,27965,49912,2313,198984,29567,1259254,3.9,4.8,26.3,23.1,10.2,20.9,10.8
2017,Nevada,2998039,2235657,294676,49722,264533,23301,392857,73583,2063180,5.2,8,28.7,25.1,8,16.5,8.4
2017,New Hampshire,1342795,1256807,21239,3978,37202,615,100550,19942,958005,1.9,5.1,28,17.9,10.2,22.6,14.3
2017,New Jersey,9005644,6489409,1346893,54683,906671,9658,882132,209126,6234538,4.8,5.3,27.2,16.3,6.7,24.2,15.6
2017,New Mexico,2088070,1715623,52622,227132,36222,3372,388790,57185,1391475,5.8,8.1,26.6,24,8.4,15.2,11.8
2017,New York,19849399,13807127,3510933,193229,1806646,26943,2735578,455470,13821132,6.1,7.3,26.3,15.4,8.8,20.2,15.8
2017,North Carolina,10273419,7276995,2279895,160909,313997,12752,1468032,224869,6991185,4.5,7.7,25.8,21.3,9.4,20.1,11.2
2017,North Dakota,755393,661217,23533,41588,12269,522,74057,10789,495904,2.8,4.3,26.4,22.4,13.4,21.8,9
2017,Ohio,11658609,9579207,1504482,32991,271531,6633,1575401,288847,7981885,2.7,7,33.3,20.2,8.8,17.3,10.6
2017,Oklahoma,3930864,2921390,306089,363551,91288,7423,600911,78708,2586414,4.1,7.9,31.1,23.3,8.1,16.9,8.6
2017,Oregon,4142776,3607515,90128,74655,192917,18336,534846,86786,2901195,3.5,5.5,23.2,25.2,8.8,21,12.7
2017,Pennsylvania,12805537,10507780,1520035,47983,462768,9606,1548557,315737,8960842,3.2,6.3,35,15.8,8.3,18.9,12.5
2017,Rhode Island,1059639,890883,87261,10948,39014,2015,125208,24791,736969,5.1,6.6,29.9,16.9,8,20.3,13.1
2017,South Carolina,5024369,3440141,1372547,27373,85665,4949,750359,98757,3443851,4,8.6,29.5,20.3,9.6,17.6,10.4
2017,South Dakota,869666,738554,18479,78456,12901,719,107522,15147,574559,2.9,5.4,30.8,22,10.8,19.1,9
2017,Tennessee,6715984,5276748,1148218,30876,125244,6428,980394,118557,4588453,4.4,7.8,32.4,20.8,7.2,17.2,10.1
2017,Texas,28304596,22404118,3593048,287312,1417555,40740,4080377,577790,18149346,8.1,8.2,25.1,21.7,7.3,19.3,10.3
2017,Utah,3101833,2820387,43230,47581,79393,32429,296138,50638,1827035,2.7,5.1,22.3,25.7,9.5,22.8,11.8
2017,Vermont,623657,589163,8475,2413,11348,233,65068,10382,439267,2.2,5.2,29,16.8,8.5,22.5,15.8
2017,Virginia,8470020,5904472,1680680,45889,575117,9601,876438,161619,5779221,4.2,6.1,24.2,19,7.9,22,16.7
2017,Washington,7405743,5887060,310425,141535,660928,56953,799675,177292,5101968,3.7,5,22.1,23.6,10.1,22.2,13.3
2017,West Virginia,1815857,1699266,64951,4451,15071,533,326502,40512,1279350,4.5,8.4,41.2,18.6,7.1,12.2,8
2017,Wisconsin,5795483,5060891,385451,66752,168435,3209,640174,103667,3958231,2.6,5.1,30.7,20.3,10.9,19.8,10.6
2017,Wyoming,579315,537396,7445,15743,5880,579,61319,12330,387700,2,5.1,29.6,25.3,10.4,17.4,10.3
